1763047158.5414193,WSL22->WSL18,/send_mission,1763047158.527532,1763047158.541394,13.861894607543945
1763047226.7175195,WSL22->WSL18,/send_mission,1763047226.7061744,1763047226.7174933,11.31892204284668
1763047499.955145,WSL22->WSL18,/send_mission,1763047499.9426494,1763047499.9550931,12.443780899047852
1763047654.482237,WSL22->WSL18,/send_mission,1763047653.3311646,1763047654.4821799,1151.015281677246
1763048500.6455135,WSL22->WSL18,/send_mission,1763048500.6118846,1763048500.6453936,33.509016036987305
1763048610.190149,WSL22->WSL18,/send_mission,1763048610.1663918,1763048610.190124,23.73218536376953
1763048729.7047668,WSL22->WSL18,/send_mission,1763048729.6824408,1763048729.7047415,22.30072021484375
1763051539.5314813,WSL22->WSL18,/send_mission,1763051539.503242,1763051539.5313435,28.101444244384766
1763051688.400066,WSL22->WSL18,/send_mission,1763051688.3744953,1763051688.4000392,25.543928146362305
1763051928.8526843,WSL22->WSL18,/send_mission,1763051928.8162205,1763051928.8525882,36.36765480041504
1763052083.9732609,WSL22->WSL18,/send_mission,1763052083.9403684,1763052083.973213,32.84454345703125
1763052914.0048952,WSL22->WSL18,/send_mission,1763052913.9320889,1763052914.0047274,72.63851165771484
1763053023.714074,WSL22->WSL18,/send_mission,1763053023.6807983,1763053023.7137098,32.91153907775879
1763053143.215068,WSL22->WSL18,/send_mission,1763053143.1822004,1763053143.2144637,32.26327896118164
1763107832.9253786,WSL22->WSL18,/send_mission,1763107831.357153,1763107832.924845,1567.6920413970947
1763107895.271961,WSL22->WSL18,/send_mission,1763107895.256272,1763107895.2719321,15.66004753112793
1763108299.260268,WSL22->WSL18,/send_mission,1763108299.2276738,1763108299.260176,32.502174377441406
1763108449.5623085,WSL22->WSL18,/send_mission,1763108449.5399349,1763108449.5622225,22.287607192993164
1763109258.181362,WSL22->WSL18,/send_mission,1763109258.0690176,1763109258.1812098,112.19215393066406
1763109364.2459023,WSL22->WSL18,/send_mission,1763109364.2156549,1763109364.2457674,30.112504959106445
1763109479.1102886,WSL22->WSL18,/send_mission,1763109478.8560727,1763109479.110263,254.19044494628906
1763110081.1227875,WSL22->WSL18,/send_mission,1763110080.7715592,1763110081.1227596,351.2003421783447
1763110167.8144627,WSL22->WSL18,/send_mission,1763110167.793372,1763110167.8143036,20.931720733642578
1763110720.209218,WSL22->WSL18,/send_mission,1763110720.1366224,1763110720.2090428,72.42035865783691
1763110871.7196684,WSL22->WSL18,/send_mission,1763110871.6861646,1763110871.7194765,33.31184387207031
1763111719.0756724,WSL22->WSL18,/send_mission,1763111719.0142078,1763111719.0753438,61.13600730895996
1763111826.400723,WSL22->WSL18,/send_mission,1763111826.3779771,1763111826.4006748,22.69768714904785
1763111944.0274603,WSL22->WSL18,/send_mission,1763111943.9984477,1763111944.0273929,28.945207595825195
1763118379.5592313,WSL22->WSL18,/send_mission,1763118378.7654169,1763118379.5578327,792.4158573150635
1763118486.2582781,WSL22->WSL18,/send_mission,1763118486.2366457,1763118486.258185,21.53921127319336
1763119108.3252878,WSL22->WSL18,/send_mission,1763119108.278353,1763119108.3250465,46.69356346130371
1763119265.9535103,WSL22->WSL18,/send_mission,1763119265.9284983,1763119265.9534853,24.986982345581055
1763120172.5365994,WSL22->WSL18,/send_mission,1763120172.4524424,1763120172.5361288,83.68635177612305
1763120282.1780446,WSL22->WSL18,/send_mission,1763120282.150443,1763120282.1779656,27.522563934326172
1763120401.6743665,WSL22->WSL18,/send_mission,1763120401.6326942,1763120401.6742277,41.533470153808594
1763121110.0620878,WSL22->WSL18,/send_mission,1763121109.965503,1763121110.0613737,95.8707332611084
1763121297.4611344,WSL22->WSL18,/send_mission,1763121297.4317832,1763121297.461083,29.29973602294922
1763121862.738585,WSL22->WSL18,/send_mission,1763121862.679408,1763121862.7384312,59.023141860961914
1763122017.1446786,WSL22->WSL18,/send_mission,1763122016.2171676,1763122017.1446333,927.4656772613525
1763122984.860868,WSL22->WSL18,/send_mission,1763122984.796731,1763122984.860754,64.02301788330078
1763123094.4482682,WSL22->WSL18,/send_mission,1763123094.4134464,1763123094.4481523,34.70587730407715
1763123213.9180005,WSL22->WSL18,/send_mission,1763123213.9052157,1763123213.9179592,12.743473052978516
1763126817.5542881,WSL22->WSL18,/send_mission,1763126817.35378,1763126817.553838,200.0579833984375
1763126909.4078827,WSL22->WSL18,/send_mission,1763126909.3872263,1763126909.4078422,20.615816116333008
1763127519.4288094,WSL22->WSL18,/send_mission,1763127519.359855,1763127519.4286497,68.79472732543945
1763127673.2110054,WSL22->WSL18,/send_mission,1763127673.109404,1763127673.21098,101.57585144042969
1763129426.116229,WSL22->WSL18,/send_mission,1763129425.8382688,1763129426.116085,277.8162956237793
1763129449.7109852,WSL22->WSL18,/send_mission,1763129449.6847157,1763129449.7105196,25.803804397583008
1763129709.746403,WSL22->WSL18,/send_mission,1763129709.7273226,1763129709.7463768,19.054174423217773
1763130193.6708608,WSL22->WSL18,/send_mission,1763130193.4627457,1763130193.6698115,207.06582069396973
1763130312.994112,WSL22->WSL18,/send_mission,1763130312.953761,1763130312.9940116,40.250539779663086
1763131429.1250138,WSL22->WSL18,/send_mission,1763131428.840256,1763131429.1237235,283.46753120422363
1763131583.5247166,WSL22->WSL18,/send_mission,1763131582.4488254,1763131583.5246918,1075.866460800171
1763136082.300007,WSL22->WSL18,/send_mission,1763136082.2689717,1763136082.2999086,30.93695640563965
1763136241.4029903,WSL22->WSL18,/send_mission,1763136241.2470546,1763136241.4022088,155.15422821044922
1763136631.5549724,WSL22->WSL18,/send_mission,1763136631.5273557,1763136631.5548646,27.508974075317383
1763137013.662795,WSL22->WSL18,/send_mission,1763137013.637765,1763137013.662754,24.98912811279297
1763137166.625783,WSL22->WSL18,/send_mission,1763137166.5941806,1763137166.625715,31.534433364868164
1763137589.8782063,WSL22->WSL18,/send_mission,1763137589.672122,1763137589.877269,205.14702796936035
1763217692.1655378,WSL22->WSL18,/send_mission,1763217691.8743012,1763217692.1650538,290.752649307251
1763217846.6493003,WSL22->WSL18,/send_mission,1763217845.7361605,1763217846.6492693,913.1088256835938
1763218749.6002188,WSL22->WSL18,/send_mission,1763218749.369901,1763218749.5997784,229.87747192382812
1763218993.6028478,WSL22->WSL18,/send_mission,1763218993.5689104,1763218993.6026132,33.702850341796875
1763219149.331256,WSL22->WSL18,/send_mission,1763219149.3040898,1763219149.3312125,27.12273597717285
1763219268.247585,WSL22->WSL18,/send_mission,1763219268.2138767,1763219268.2474966,33.61988067626953
1763219415.6807654,WSL22->WSL18,/send_mission,1763219415.6423063,1763219415.6807404,38.43402862548828
1763219726.3271813,WSL22->WSL18,/send_mission,1763219726.0758283,1763219726.327144,251.31559371948242
1763220315.767728,WSL22->WSL18,/send_mission,1763220315.6964638,1763220315.7675762,71.11239433288574
1763220483.1752067,WSL22->WSL18,/send_mission,1763220483.142772,1763220483.1750908,32.318830490112305
1763220555.7513912,WSL22->WSL18,/send_mission,1763220555.7241201,1763220555.7513273,27.207136154174805
1763220707.0892994,WSL22->WSL18,/send_mission,1763220706.9428465,1763220707.0890584,146.2118625640869
1763221097.384092,WSL22->WSL18,/send_mission,1763221097.3109174,1763221097.383955,73.03762435913086
1763221479.7152855,WSL22->WSL18,/send_mission,1763221479.6422386,1763221479.7151995,72.96085357666016
1763221666.7697246,WSL22->WSL18,/send_mission,1763221666.7477891,1763221666.7696738,21.884679794311523
1763223310.3976445,WSL22->WSL18,/send_mission,1763223310.256061,1763223310.397453,141.39199256896973
1763223469.7789068,WSL22->WSL18,/send_mission,1763223469.7305546,1763223469.7787561,48.201560974121094
1763224331.381185,WSL22->WSL18,/send_mission,1763224331.2795568,1763224331.3808136,101.2568473815918
1763224502.746616,WSL22->WSL18,/send_mission,1763224502.72144,1763224502.7465723,25.132179260253906
1763224738.123064,WSL22->WSL18,/send_mission,1763224738.0840816,1763224738.1230042,38.92254829406738
1763225139.301963,WSL22->WSL18,/send_mission,1763225139.274451,1763225139.3018336,27.382612228393555
1763225155.8728583,WSL22->WSL18,/send_mission,1763225155.8436577,1763225155.872773,29.11520004272461
1763225195.5498872,WSL22->WSL18,/send_mission,1763225195.53116,1763225195.5498135,18.653392791748047
1763225343.4616358,WSL22->WSL18,/send_mission,1763225343.4347885,1763225343.461594,26.805639266967773
1763225462.9675388,WSL22->WSL18,/send_mission,1763225462.9344788,1763225462.9674563,32.97758102416992
1763225598.2396748,WSL22->WSL18,/send_mission,1763225598.2163868,1763225598.2395625,23.175716400146484
1764086219.1819158,WSL22->WSL18,/send_mission,1764086218.3164544,1764086219.1785808,862.126350402832
1764086576.5624683,WSL22->WSL18,/send_mission,1764086575.74687,1764086576.5611722,814.3022060394287
1764086959.356864,WSL22->WSL18,/send_mission,1764086957.4087205,1764086959.355392,1946.671485900879
1764259905.343691,WSL22->WSL18,/send_mission,1764259904.0932164,1764259905.3411162,1247.8997707366943
1764260255.0877275,WSL22->WSL18,/send_mission,1764260254.966437,1764260255.087638,121.2007999420166
1764261036.2480574,WSL22->WSL18,/send_mission,1764261032.5931675,1764261036.2476826,3654.515027999878
